<?xml version="1.0" encoding="utf-8" ?>
<dwsync>
<file name="768.css" server="ftp.populerdunya.com/vcard-01/" local="131058247060554215" remote="131057982000000000" Dst="2" />
<file name="main.css" server="ftp.populerdunya.com/vcard-01/" local="131060644687182977" remote="131060320800000000" Dst="2" />
<file name="768.css" server="ftp.populerdunya.com/ucard-html/" local="131060705595935446" remote="131060394600000000" Dst="2" />
<file name="main.css" server="ftp.populerdunya.com/ucard-html/" local="131066596825632532" remote="131066274000000000" Dst="2" />
<file name="768.css" server="ftp.populerdunya.com/uncover-html/" local="131587019053072397" remote="131586697800000000" Dst="0" />
<file name="demo2.css" server="ftp.populerdunya.com/uncover-html/" local="131539581962050757" remote="131541075000000000" Dst="0" />
<file name="main.css" server="ftp.populerdunya.com/uncover-html/" local="131592095338595593" remote="131591771400000000" Dst="0" />
<file name="demo3.css" server="ftp.populerdunya.com/uncover-html/" local="131538096718124017" remote="131541075000000000" Dst="0" />
<file name="768.css" server="ftp.populerdunya.com/ikonik-html/" local="132126244390000000" remote="132173317200000000" Dst="1" />
<file name="demo2.css" server="ftp.populerdunya.com/ikonik-html/" local="132121808667464427" remote="132132609600000000" Dst="0" />
<file name="demo3.css" server="ftp.populerdunya.com/ikonik-html/" local="132006099306213279" remote="132014168400000000" Dst="0" />
<file name="editor-style.css" server="ftp.populerdunya.com/ikonik-html/" local="131608717710000000" remote="132014168400000000" Dst="0" />
<file name="main.css" server="ftp.populerdunya.com/ikonik-html/" local="132173513676142665" remote="132173317200000000" Dst="1" />
<file name="normalize.css" server="ftp.populerdunya.com/ikonik-html/" local="131608722310000000" remote="132173317200000000" Dst="1" />
<file name="bootstrap.css" server="ftp.populerdunya.com/ikonik-html/" local="132012142145047013" remote="132132609600000000" Dst="0" />
</dwsync>